date,warehouse_id,sku_id,quantity_sold,revenue
2025-05-31,WH-001,SKU-0001,53,18491.439112163327
2025-05-31,WH-001,SKU-0002,45,12442.461978010762
2025-05-31,WH-001,SKU-0003,240,65192.688610307945
2025-05-31,WH-001,SKU-0004,32,15314.64442520124
2025-05-31,WH-001,SKU-0005,56,24924.479801787234
2025-05-31,WH-001,SKU-0006,51,7196.923342196139
2025-05-31,WH-001,SKU-0007,117,22118.91509727873
2025-05-31,WH-001,SKU-0008,19,6334.69518303088
2025-05-31,WH-001,SKU-0009,40,20140.989425992928
2025-05-31,WH-001,SKU-0010,15,4713.829583142421
2025-05-31,WH-001,SKU-0011,42,13153.667121498851
2025-05-31,WH-001,SKU-0012,42,20202.59534818572
2025-05-31,WH-001,SKU-0013,102,37681.81758639313
2025-05-31,WH-001,SKU-0014,58,3283.845088128233
2025-05-31,WH-001,SKU-0015,95,16507.45118345991
2025-05-31,WH-001,SKU-0016,55,10467.54051885703
2025-05-31,WH-001,SKU-0017,15,4424.668834792925
2025-05-31,WH-001,SKU-0018,18,7404.187212015363
2025-05-31,WH-001,SKU-0019,52,6023.842187334371
2025-05-31,WH-001,SKU-0020,43,18640.08043767086
2025-05-31,WH-001,SKU-0021,26,3228.198728393005
2025-05-31,WH-001,SKU-0022,28,248.98900066625026
2025-05-31,WH-001,SKU-0023,88,13254.83644947783
2025-05-31,WH-001,SKU-0024,65,12537.627592276971
2025-05-31,WH-001,SKU-0025,16,5550.623844915051
2025-05-31,WH-001,SKU-0026,67,1692.3758674903818
2025-05-31,WH-001,SKU-0027,58,1314.8817766169946
2025-05-31,WH-001,SKU-0028,32,8261.585756008602
2025-05-31,WH-001,SKU-0029,24,7355.721733639326
2025-05-31,WH-001,SKU-0030,28,10736.143162683888
2025-05-31,WH-001,SKU-0031,85,22582.18676688981
2025-05-31,WH-001,SKU-0032,22,7227.025530984561
2025-05-31,WH-001,SKU-0033,39,9837.734459316183
2025-05-31,WH-001,SKU-0034,51,10249.247837949115
2025-05-31,WH-001,SKU-0035,26,9036.411862731733
2025-05-31,WH-001,SKU-0036,16,2171.958970908839
2025-05-31,WH-001,SKU-0037,42,5855.770503573481
2025-05-31,WH-001,SKU-0038,13,5648.919358454518
2025-05-31,WH-001,SKU-0039,64,24522.2992751051
2025-05-31,WH-001,SKU-0040,10,4282.025058189745
2025-05-31,WH-001,SKU-0041,67,32015.813541283824
2025-05-31,WH-001,SKU-0042,82,39904.60199259481
2025-05-31,WH-001,SKU-0043,188,60578.47778384858
2025-05-31,WH-001,SKU-0044,27,4826.986049047302
2025-05-31,WH-001,SKU-0045,8,3079.848699546048
2025-05-31,WH-001,SKU-0046,55,17742.643667219287
2025-05-31,WH-001,SKU-0047,127,25505.963774587384
2025-05-31,WH-001,SKU-0048,101,19641.15365840302
2025-05-31,WH-001,SKU-0049,17,1846.3545050460511
2025-05-31,WH-001,SKU-0050,17,466.42981880657237
2025-05-31,WH-002,SKU-0001,67,20347.53454243439
2025-05-31,WH-002,SKU-0002,63,18186.723169452725
2025-05-31,WH-002,SKU-0003,385,122155.56398391975
2025-05-31,WH-002,SKU-0004,26,11735.588508857396
2025-05-31,WH-002,SKU-0005,75,33275.313740123405
2025-05-31,WH-002,SKU-0006,51,7120.685435616764
2025-05-31,WH-002,SKU-0007,48,10482.43921164263
2025-05-31,WH-002,SKU-0008,14,4710.107505846613
2025-05-31,WH-002,SKU-0009,69,30995.30645234006
2025-05-31,WH-002,SKU-0010,34,9676.817998529466
2025-05-31,WH-002,SKU-0011,57,18584.127590849614
2025-05-31,WH-002,SKU-0012,40,17886.04336758733
2025-05-31,WH-002,SKU-0013,107,37053.373952964794
2025-05-31,WH-002,SKU-0014,71,4255.883764397324
2025-05-31,WH-002,SKU-0015,56,8735.65013354779
2025-05-31,WH-002,SKU-0016,106,22286.466960185964
2025-05-31,WH-002,SKU-0017,18,4926.784277226164
2025-05-31,WH-002,SKU-0018,47,18592.31181004133
2025-05-31,WH-002,SKU-0019,65,7479.472100804992
2025-05-31,WH-002,SKU-0020,30,12008.713030975438
2025-05-31,WH-002,SKU-0021,37,4392.49726773028
2025-05-31,WH-002,SKU-0022,44,392.51182041556984
2025-05-31,WH-002,SKU-0023,152,22850.352438747985
2025-05-31,WH-002,SKU-0024,51,10929.53675557396
2025-05-31,WH-002,SKU-0025,29,11012.263677055498
2025-05-31,WH-002,SKU-0026,64,1485.7350383556256
2025-05-31,WH-002,SKU-0027,51,1176.4305840790187
2025-05-31,WH-002,SKU-0028,90,26240.16844234314
2025-05-31,WH-002,SKU-0029,88,27525.10636902619
2025-05-31,WH-002,SKU-0030,34,12412.04388178538
2025-05-31,WH-002,SKU-0031,45,11831.193474704069
2025-05-31,WH-002,SKU-0032,16,5728.564830062139
2025-05-31,WH-002,SKU-0033,48,12590.89796263577
2025-05-31,WH-002,SKU-0034,49,9734.434158325954
2025-05-31,WH-002,SKU-0035,22,8007.364294687753
2025-05-31,WH-002,SKU-0036,23,3142.0570599569887
2025-05-31,WH-002,SKU-0037,21,2585.907997152095
2025-05-31,WH-002,SKU-0038,23,10758.68329622562
2025-05-31,WH-002,SKU-0039,74,27770.69812472605
2025-05-31,WH-002,SKU-0040,8,3368.285745284055
2025-05-31,WH-002,SKU-0041,39,15886.33392785893
2025-05-31,WH-002,SKU-0042,49,24806.428847122
2025-05-31,WH-002,SKU-0043,314,107104.5061621302
2025-05-31,WH-002,SKU-0044,26,4332.676797892451
2025-05-31,WH-002,SKU-0045,24,9392.51079260957
2025-05-31,WH-002,SKU-0046,64,20618.42257465815
2025-05-31,WH-002,SKU-0047,70,12770.631460410272
2025-05-31,WH-002,SKU-0048,94,16170.924491232798
2025-05-31,WH-002,SKU-0049,29,3048.7043481785454
2025-05-31,WH-002,SKU-0050,12,318.1414111557974
2025-05-31,WH-003,SKU-0001,125,43025.719332997214
2025-05-31,WH-003,SKU-0002,65,20248.22264833165
2025-05-31,WH-003,SKU-0003,213,69663.6459094535
2025-05-31,WH-003,SKU-0004,34,17176.319619327784
2025-05-31,WH-003,SKU-0005,51,22319.896518445934
2025-05-31,WH-003,SKU-0006,29,4486.7521935832465
2025-05-31,WH-003,SKU-0007,88,17705.68953967332
2025-05-31,WH-003,SKU-0008,19,6492.739401941448
2025-05-31,WH-003,SKU-0009,53,25201.396300494063
2025-05-31,WH-003,SKU-0010,32,10456.681154284295
2025-05-31,WH-003,SKU-0011,24,8038.433012137612
2025-05-31,WH-003,SKU-0012,51,22101.53488731415
2025-05-31,WH-003,SKU-0013,102,40583.69624808662
2025-05-31,WH-003,SKU-0014,123,6940.104174152234
2025-05-31,WH-003,SKU-0015,45,7632.128581872871
2025-05-31,WH-003,SKU-0016,91,17910.70500067554
2025-05-31,WH-003,SKU-0017,16,4824.881561421513
2025-05-31,WH-003,SKU-0018,35,14345.483445638021
2025-05-31,WH-003,SKU-0019,80,9616.30296393035
2025-05-31,WH-003,SKU-0020,13,4872.70867500032
2025-05-31,WH-003,SKU-0021,36,4257.414120662595
2025-05-31,WH-003,SKU-0022,33,302.7416242127984
2025-05-31,WH-003,SKU-0023,87,11755.966638180165
2025-05-31,WH-003,SKU-0024,68,13811.396873357531
2025-05-31,WH-003,SKU-0025,18,5850.281051097829
2025-05-31,WH-003,SKU-0026,54,1272.503669750363
2025-05-31,WH-003,SKU-0027,67,1558.805778519989
2025-05-31,WH-003,SKU-0028,79,19598.187811600463
2025-05-31,WH-003,SKU-0029,62,22442.537612989294
2025-05-31,WH-003,SKU-0030,23,10087.270575159588
2025-05-31,WH-003,SKU-0031,70,17197.409439909858
2025-05-31,WH-003,SKU-0032,17,5748.458404558056
2025-05-31,WH-003,SKU-0033,129,34424.41420955475
2025-05-31,WH-003,SKU-0034,48,10031.19813079458
2025-05-31,WH-003,SKU-0035,12,4576.421186177518
2025-05-31,WH-003,SKU-0036,20,2474.716320224521
2025-05-31,WH-003,SKU-0037,53,6774.189566083035
2025-05-31,WH-003,SKU-0038,19,8256.283372827536
2025-05-31,WH-003,SKU-0039,53,19460.389980824883
2025-05-31,WH-003,SKU-0040,13,5496.181774268962
2025-05-31,WH-003,SKU-0041,69,32933.79203429165
2025-05-31,WH-003,SKU-0042,27,11916.274271170638
2025-05-31,WH-003,SKU-0043,141,47238.95423356924
2025-05-31,WH-003,SKU-0044,20,3415.5071767749487
2025-05-31,WH-003,SKU-0045,25,8687.401016504056
2025-05-31,WH-003,SKU-0046,64,21537.310587898923
2025-05-31,WH-003,SKU-0047,91,16856.22935493077
2025-05-31,WH-003,SKU-0048,145,24341.217248075052
2025-05-31,WH-003,SKU-0049,69,7642.53238862462
2025-05-31,WH-003,SKU-0050,17,472.02500168170053
2025-05-31,WH-004,SKU-0001,81,25126.968972088893
2025-05-31,WH-004,SKU-0002,67,18642.01767598501
2025-05-31,WH-004,SKU-0003,157,45121.72350792322
2025-05-31,WH-004,SKU-0004,46,20083.816099623127
2025-05-31,WH-004,SKU-0005,58,26331.76352896204
2025-05-31,WH-004,SKU-0006,45,6122.148426616211
2025-05-31,WH-004,SKU-0007,86,15651.575067526908
2025-05-31,WH-004,SKU-0008,16,5613.277530534163
2025-05-31,WH-004,SKU-0009,23,9739.852490949486
2025-05-31,WH-004,SKU-0010,52,15372.964230833013
2025-05-31,WH-004,SKU-0011,37,11726.648745785671
2025-05-31,WH-004,SKU-0012,66,31907.794871071503
2025-05-31,WH-004,SKU-0013,54,17800.40858947102
2025-05-31,WH-004,SKU-0014,101,6235.580619296642
2025-05-31,WH-004,SKU-0015,89,14848.167437214626
2025-05-31,WH-004,SKU-0016,83,17319.03468379682
2025-05-31,WH-004,SKU-0017,14,4394.54966134443
2025-05-31,WH-004,SKU-0018,19,7432.684911555597
2025-05-31,WH-004,SKU-0019,63,6654.455883622701
2025-05-31,WH-004,SKU-0020,35,15537.598234775602
2025-05-31,WH-004,SKU-0021,48,5701.676502635192
2025-05-31,WH-004,SKU-0022,47,395.1650587668826
2025-05-31,WH-004,SKU-0023,107,13883.818994585172
2025-05-31,WH-004,SKU-0024,43,9117.593050173764
2025-05-31,WH-004,SKU-0025,17,5493.768133504562
2025-05-31,WH-004,SKU-0026,58,1356.3928706974925
2025-05-31,WH-004,SKU-0027,71,1495.634232013476
2025-05-31,WH-004,SKU-0028,44,12931.728861134117
2025-05-31,WH-004,SKU-0029,69,21413.127911717304
2025-05-31,WH-004,SKU-0030,43,16569.8657744381
2025-05-31,WH-004,SKU-0031,107,30706.36753499411
2025-05-31,WH-004,SKU-0032,13,4341.063268278841
2025-05-31,WH-004,SKU-0033,55,12981.5858796621
2025-05-31,WH-004,SKU-0034,77,15344.457144590006
2025-05-31,WH-004,SKU-0035,13,4958.810770316198
2025-05-31,WH-004,SKU-0036,13,1612.985578996546
2025-05-31,WH-004,SKU-0037,26,3315.420112623501
2025-05-31,WH-004,SKU-0038,29,13031.957881811059
2025-05-31,WH-004,SKU-0039,39,12579.526320402723
2025-05-31,WH-004,SKU-0040,16,6679.11512184788
2025-05-31,WH-004,SKU-0041,53,23691.616257940455
2025-05-31,WH-004,SKU-0042,67,28997.27122719616
2025-05-31,WH-004,SKU-0043,244,81162.01768486039
2025-05-31,WH-004,SKU-0044,24,3741.379969172257
2025-05-31,WH-004,SKU-0045,19,6572.372562951378
2025-05-31,WH-004,SKU-0046,78,25653.969344423163
2025-05-31,WH-004,SKU-0047,54,10901.281242520121
2025-05-31,WH-004,SKU-0048,100,18366.69990249262
2025-05-31,WH-004,SKU-0049,30,2907.791042229877
2025-05-31,WH-004,SKU-0050,10,285.581635860958
2025-05-31,WH-005,SKU-0001,59,19563.246183453488
2025-05-31,WH-005,SKU-0002,56,17342.237817433495
2025-05-31,WH-005,SKU-0003,133,42722.57470058728
2025-05-31,WH-005,SKU-0004,25,12293.954387403322
2025-05-31,WH-005,SKU-0005,59,26315.0574674988
2025-05-31,WH-005,SKU-0006,47,6520.669220675826
2025-05-31,WH-005,SKU-0007,130,27997.200466056183
2025-05-31,WH-005,SKU-0008,16,5499.973201840889
2025-05-31,WH-005,SKU-0009,32,14546.771793801727
2025-05-31,WH-005,SKU-0010,19,5862.873126368286
2025-05-31,WH-005,SKU-0011,52,16110.596639681182
2025-05-31,WH-005,SKU-0012,53,22772.871791213707
2025-05-31,WH-005,SKU-0013,134,44392.677026604455
2025-05-31,WH-005,SKU-0014,125,7056.427464003098
2025-05-31,WH-005,SKU-0015,100,14856.360072970563
2025-05-31,WH-005,SKU-0016,127,26734.106609842438
2025-05-31,WH-005,SKU-0017,14,4310.186409400785
2025-05-31,WH-005,SKU-0018,38,16427.85836684855
2025-05-31,WH-005,SKU-0019,76,8228.447048228585
2025-05-31,WH-005,SKU-0020,26,11125.65259571169
2025-05-31,WH-005,SKU-0021,42,5008.502395572371
2025-05-31,WH-005,SKU-0022,31,254.0836359218868
2025-05-31,WH-005,SKU-0023,165,23470.67807337986
2025-05-31,WH-005,SKU-0024,118,22169.592386989243
2025-05-31,WH-005,SKU-0025,19,7096.104424761992
2025-05-31,WH-005,SKU-0026,62,1525.4232170002504
2025-05-31,WH-005,SKU-0027,36,721.576370847001
2025-05-31,WH-005,SKU-0028,41,11179.974879049243
2025-05-31,WH-005,SKU-0029,57,20965.085591844487
2025-05-31,WH-005,SKU-0030,25,10389.862664245728
2025-05-31,WH-005,SKU-0031,144,36486.954409379316
2025-05-31,WH-005,SKU-0032,14,4919.949435137774
2025-05-31,WH-005,SKU-0033,71,16933.44705364343
2025-05-31,WH-005,SKU-0034,81,15912.124787852497
2025-05-31,WH-005,SKU-0035,25,8574.16513170694
2025-05-31,WH-005,SKU-0036,16,1914.1551587936754
2025-05-31,WH-005,SKU-0037,49,7118.9983020912605
2025-05-31,WH-005,SKU-0038,11,5128.10496096472
2025-05-31,WH-005,SKU-0039,87,30090.760973389733
2025-05-31,WH-005,SKU-0040,10,4463.895216985401
2025-05-31,WH-005,SKU-0041,98,40707.33530875137
2025-05-31,WH-005,SKU-0042,67,29682.943707518858
2025-05-31,WH-005,SKU-0043,191,67435.18871630027
2025-05-31,WH-005,SKU-0044,29,4642.907115610935
2025-05-31,WH-005,SKU-0045,17,5950.487478916443
2025-05-31,WH-005,SKU-0046,90,27722.598383478075
2025-05-31,WH-005,SKU-0047,48,9236.14916412034
2025-05-31,WH-005,SKU-0048,71,13851.493620737921
2025-05-31,WH-005,SKU-0049,43,4071.1197579055774
2025-05-31,WH-005,SKU-0050,14,373.1741327363728
2025-06-01,WH-001,SKU-0001,148,53230.0989583466
2025-06-01,WH-001,SKU-0002,99,28250.6239078102
2025-06-01,WH-001,SKU-0003,186,57852.26952094967
2025-06-01,WH-001,SKU-0004,47,21813.113729226687
2025-06-01,WH-001,SKU-0005,44,18087.29249059983
2025-06-01,WH-001,SKU-0006,64,8951.806071785906
2025-06-01,WH-001,SKU-0007,89,17893.499412799614
2025-06-01,WH-001,SKU-0008,15,5131.335679112973
2025-06-01,WH-001,SKU-0009,28,11870.801215211794
2025-06-01,WH-001,SKU-0010,36,11856.969937299627
2025-06-01,WH-001,SKU-0011,74,24755.214459325365
2025-06-01,WH-001,SKU-0012,82,33059.20934191933
2025-06-01,WH-001,SKU-0013,206,72498.15256003125
2025-06-01,WH-001,SKU-0014,53,3264.8777282667666
2025-06-01,WH-001,SKU-0015,107,18112.064649396867
2025-06-01,WH-001,SKU-0016,114,25544.690179432295
2025-06-01,WH-001,SKU-0017,34,10759.947718921698
2025-06-01,WH-001,SKU-0018,88,32601.93631002178
2025-06-01,WH-001,SKU-0019,149,15486.206400967043
2025-06-01,WH-001,SKU-0020,61,25906.235968399364
2025-06-01,WH-001,SKU-0021,43,4633.260996704237
2025-06-01,WH-001,SKU-0022,33,265.00603974972927
2025-06-01,WH-001,SKU-0023,169,22982.51657106241
2025-06-01,WH-001,SKU-0024,102,20247.532883558797
2025-06-01,WH-001,SKU-0025,30,9544.247190707532
2025-06-01,WH-001,SKU-0026,93,2186.530414570026
2025-06-01,WH-001,SKU-0027,78,1510.618232024929
2025-06-01,WH-001,SKU-0028,61,15477.496164830663
2025-06-01,WH-001,SKU-0029,48,15312.737904004156
2025-06-01,WH-001,SKU-0030,41,16260.098790395617
2025-06-01,WH-001,SKU-0031,107,26052.00584755314
2025-06-01,WH-001,SKU-0032,24,9062.273347914981
2025-06-01,WH-001,SKU-0033,84,21832.060866430336
2025-06-01,WH-001,SKU-0034,58,10255.653620162979
2025-06-01,WH-001,SKU-0035,34,12958.313441774595
2025-06-01,WH-001,SKU-0036,17,2302.3843777316238
2025-06-01,WH-001,SKU-0037,53,7055.8111331558175
2025-06-01,WH-001,SKU-0038,14,5895.050943219724
2025-06-01,WH-001,SKU-0039,78,25556.100875805867
2025-06-01,WH-001,SKU-0040,23,9462.110744788979
2025-06-01,WH-001,SKU-0041,60,25702.664305591006
2025-06-01,WH-001,SKU-0042,54,27390.195325507826
2025-06-01,WH-001,SKU-0043,190,64590.53969595006
2025-06-01,WH-001,SKU-0044,32,5483.77680639156
2025-06-01,WH-001,SKU-0045,16,5330.068207831822
2025-06-01,WH-001,SKU-0046,144,46113.62645591195
2025-06-01,WH-001,SKU-0047,62,11963.879677515171
2025-06-01,WH-001,SKU-0048,96,16571.60972461061
2025-06-01,WH-001,SKU-0049,36,3626.6641358217785
2025-06-01,WH-001,SKU-0050,13,371.800137216068
2025-06-01,WH-002,SKU-0001,73,21993.28427228517
2025-06-01,WH-002,SKU-0002,81,23393.668061215463
2025-06-01,WH-002,SKU-0003,242,76140.94224571058
2025-06-01,WH-002,SKU-0004,22,11501.297362758018
2025-06-01,WH-002,SKU-0005,50,18842.16670370833
2025-06-01,WH-002,SKU-0006,46,7148.166822969769
2025-06-01,WH-002,SKU-0007,70,14648.56535104149
2025-06-01,WH-002,SKU-0008,20,6752.862647126105
2025-06-01,WH-002,SKU-0009,26,11457.338679243407
2025-06-01,WH-002,SKU-0010,32,10847.612931625625
2025-06-01,WH-002,SKU-0011,29,9574.394841101637
2025-06-01,WH-002,SKU-0012,82,36069.68465651832
2025-06-01,WH-002,SKU-0013,145,49380.43574591086
2025-06-01,WH-002,SKU-0014,26,1465.6667022699096
2025-06-01,WH-002,SKU-0015,192,30115.248680785153
2025-06-01,WH-002,SKU-0016,85,17933.60007827637
2025-06-01,WH-002,SKU-0017,15,4811.622390400228
2025-06-01,WH-002,SKU-0018,32,13821.633533068585
2025-06-01,WH-002,SKU-0019,44,4781.732557898999
2025-06-01,WH-002,SKU-0020,49,20980.600450400805
2025-06-01,WH-002,SKU-0021,50,5785.966143851972
2025-06-01,WH-002,SKU-0022,20,156.5480831847364
2025-06-01,WH-002,SKU-0023,99,12858.48612871934
2025-06-01,WH-002,SKU-0024,116,23092.49891364306
2025-06-01,WH-002,SKU-0025,26,9371.04842013882
2025-06-01,WH-002,SKU-0026,100,2394.3888704985557
2025-06-01,WH-002,SKU-0027,141,2773.6411875493823
2025-06-01,WH-002,SKU-0028,26,6559.332581354233
2025-06-01,WH-002,SKU-0029,30,9423.031976739785
2025-06-01,WH-002,SKU-0030,27,11524.671264227367
2025-06-01,WH-002,SKU-0031,90,25320.977832374585
2025-06-01,WH-002,SKU-0032,8,2659.950290941549
2025-06-01,WH-002,SKU-0033,63,15532.66251088682
2025-06-01,WH-002,SKU-0034,106,18923.6430690721
2025-06-01,WH-002,SKU-0035,27,10719.507956300726
2025-06-01,WH-002,SKU-0036,28,3742.9293512236113
2025-06-01,WH-002,SKU-0037,53,6558.788726682246
2025-06-01,WH-002,SKU-0038,12,5568.398089240997
2025-06-01,WH-002,SKU-0039,61,23341.81094615159
2025-06-01,WH-002,SKU-0040,16,7613.678406993577
2025-06-01,WH-002,SKU-0041,84,40213.536185740704
2025-06-01,WH-002,SKU-0042,69,33083.09164155291
2025-06-01,WH-002,SKU-0043,116,40387.281036312444
2025-06-01,WH-002,SKU-0044,34,5487.629091300598
2025-06-01,WH-002,SKU-0045,14,5472.678627040221
2025-06-01,WH-002,SKU-0046,79,24679.218746442148
2025-06-01,WH-002,SKU-0047,109,23633.80442137379
2025-06-01,WH-002,SKU-0048,62,12049.224832013713
2025-06-01,WH-002,SKU-0049,31,3399.160428167395
2025-06-01,WH-002,SKU-0050,14,384.779553560345
2025-06-01,WH-003,SKU-0001,89,31877.85222856787
2025-06-01,WH-003,SKU-0002,82,21712.648013999897
2025-06-01,WH-003,SKU-0003,424,121862.25846046778
2025-06-01,WH-003,SKU-0004,28,13247.357740785357
2025-06-01,WH-003,SKU-0005,54,22495.015857186343
2025-06-01,WH-003,SKU-0006,64,9828.131016664314
2025-06-01,WH-003,SKU-0007,143,26948.635277301695
2025-06-01,WH-003,SKU-0008,23,8469.961848114885
2025-06-01,WH-003,SKU-0009,41,20083.538753102093
2025-06-01,WH-003,SKU-0010,19,6305.240922546679
2025-06-01,WH-003,SKU-0011,55,17648.76067368427
2025-06-01,WH-003,SKU-0012,72,29529.321127876992
2025-06-01,WH-003,SKU-0013,105,41144.030830748314
2025-06-01,WH-003,SKU-0014,34,2125.9984991963934
2025-06-01,WH-003,SKU-0015,88,14326.89480791355
2025-06-01,WH-003,SKU-0016,102,22319.508604516795
2025-06-01,WH-003,SKU-0017,20,6438.010589478907
2025-06-01,WH-003,SKU-0018,23,9570.121737404746
2025-06-01,WH-003,SKU-0019,102,11477.238758783438
2025-06-01,WH-003,SKU-0020,35,14040.181632691547
2025-06-01,WH-003,SKU-0021,60,7495.7665094738995
2025-06-01,WH-003,SKU-0022,52,415.25207402338
2025-06-01,WH-003,SKU-0023,165,22940.82506427744
2025-06-01,WH-003,SKU-0024,92,18298.288820628648
2025-06-01,WH-003,SKU-0025,14,5183.6136473222905
2025-06-01,WH-003,SKU-0026,81,1797.8394798232748
2025-06-01,WH-003,SKU-0027,67,1568.439761919575
2025-06-01,WH-003,SKU-0028,48,11674.860185770134
2025-06-01,WH-003,SKU-0029,38,13365.492303636955
2025-06-01,WH-003,SKU-0030,51,22050.310244409407
2025-06-01,WH-003,SKU-0031,116,30318.053615767483
2025-06-01,WH-003,SKU-0032,22,7657.648190848652
2025-06-01,WH-003,SKU-0033,113,31829.865915357357
2025-06-01,WH-003,SKU-0034,79,16963.513519300865
2025-06-01,WH-003,SKU-0035,28,10224.983415002745
2025-06-01,WH-003,SKU-0036,18,2357.49393669544
2025-06-01,WH-003,SKU-0037,85,12159.205230364723
2025-06-01,WH-003,SKU-0038,13,5987.539871993172
2025-06-01,WH-003,SKU-0039,54,18283.288340458046
2025-06-01,WH-003,SKU-0040,19,7961.117915468544
2025-06-01,WH-003,SKU-0041,102,50012.58489000511
2025-06-01,WH-003,SKU-0042,47,20126.601685457026
2025-06-01,WH-003,SKU-0043,444,155281.54053743024
2025-06-01,WH-003,SKU-0044,33,5023.380851733174
2025-06-01,WH-003,SKU-0045,26,10003.542573178347
2025-06-01,WH-003,SKU-0046,83,25968.333096564736
2025-06-01,WH-003,SKU-0047,61,12764.591171028022
2025-06-01,WH-003,SKU-0048,117,20858.19901244776
2025-06-01,WH-003,SKU-0049,24,2552.2412254850533
2025-06-01,WH-003,SKU-0050,25,620.9605854780816
2025-06-01,WH-004,SKU-0001,72,22140.51691560608
2025-06-01,WH-004,SKU-0002,94,25719.87751281587
2025-06-01,WH-004,SKU-0003,331,109000.03179389691
2025-06-01,WH-004,SKU-0004,33,16441.546579538932
2025-06-01,WH-004,SKU-0005,72,30129.280867547604
2025-06-01,WH-004,SKU-0006,49,6412.344849947969
2025-06-01,WH-004,SKU-0007,131,28629.53451584264
2025-06-01,WH-004,SKU-0008,24,8183.11019048356
2025-06-01,WH-004,SKU-0009,34,15867.504079520888
2025-06-01,WH-004,SKU-0010,41,11834.538863927806
2025-06-01,WH-004,SKU-0011,62,20429.56600455561
2025-06-01,WH-004,SKU-0012,49,23778.786722108103
2025-06-01,WH-004,SKU-0013,130,45928.31787627302
2025-06-01,WH-004,SKU-0014,34,1853.9501221340463
2025-06-01,WH-004,SKU-0015,66,11270.001552501784
2025-06-01,WH-004,SKU-0016,192,39854.02729534169
2025-06-01,WH-004,SKU-0017,24,6852.550468332206
2025-06-01,WH-004,SKU-0018,23,8459.035024283143
2025-06-01,WH-004,SKU-0019,77,8745.97982955689
2025-06-01,WH-004,SKU-0020,36,15656.540496426887
2025-06-01,WH-004,SKU-0021,28,3218.5472648683453
2025-06-01,WH-004,SKU-0022,27,235.99727888874918
2025-06-01,WH-004,SKU-0023,129,16746.330308502314
2025-06-01,WH-004,SKU-0024,53,11808.664437060994
2025-06-01,WH-004,SKU-0025,36,11649.151270036173
2025-06-01,WH-004,SKU-0026,46,1028.2775571275768
2025-06-01,WH-004,SKU-0027,64,1234.6727746260876
2025-06-01,WH-004,SKU-0028,37,9670.181844864579
2025-06-01,WH-004,SKU-0029,113,36597.13570909921
2025-06-01,WH-004,SKU-0030,44,19027.62400287273
2025-06-01,WH-004,SKU-0031,85,22322.525091403295
2025-06-01,WH-004,SKU-0032,22,7824.747109618132
2025-06-01,WH-004,SKU-0033,42,11501.171730520295
2025-06-01,WH-004,SKU-0034,76,13725.46079478911
2025-06-01,WH-004,SKU-0035,60,22707.54598719914
2025-06-01,WH-004,SKU-0036,19,2626.9078899953156
2025-06-01,WH-004,SKU-0037,31,3921.3949481708437
2025-06-01,WH-004,SKU-0038,14,6831.35455915948
2025-06-01,WH-004,SKU-0039,74,24732.347146272434
2025-06-01,WH-004,SKU-0040,32,14545.715643393385
2025-06-01,WH-004,SKU-0041,83,39698.04289327979
2025-06-01,WH-004,SKU-0042,35,16980.135468967455
2025-06-01,WH-004,SKU-0043,317,106683.34635531486
2025-06-01,WH-004,SKU-0044,22,3339.1341079292088
2025-06-01,WH-004,SKU-0045,36,13052.514638931932
2025-06-01,WH-004,SKU-0046,215,67394.44574804264
2025-06-01,WH-004,SKU-0047,135,26627.297468997167
2025-06-01,WH-004,SKU-0048,44,7177.139506634813
2025-06-01,WH-004,SKU-0049,45,4181.508462435306
2025-06-01,WH-004,SKU-0050,14,392.3700296614748
2025-06-01,WH-005,SKU-0001,141,42517.23308450557
2025-06-01,WH-005,SKU-0002,128,38720.21460057361
2025-06-01,WH-005,SKU-0003,293,80074.55528589059
2025-06-01,WH-005,SKU-0004,28,12596.594655484845
2025-06-01,WH-005,SKU-0005,49,20251.435023197628
2025-06-01,WH-005,SKU-0006,34,4361.6513503470405
2025-06-01,WH-005,SKU-0007,59,12695.514856751812
2025-06-01,WH-005,SKU-0008,35,13310.086372519067
2025-06-01,WH-005,SKU-0009,32,13960.667557557663
2025-06-01,WH-005,SKU-0010,29,8301.403364181373
2025-06-01,WH-005,SKU-0011,60,21633.49700675857
2025-06-01,WH-005,SKU-0012,59,27486.833132456024
2025-06-01,WH-005,SKU-0013,195,74677.8409822051
2025-06-01,WH-005,SKU-0014,56,3649.6840154833976
2025-06-01,WH-005,SKU-0015,41,7008.363106825558
2025-06-01,WH-005,SKU-0016,73,14221.1445488535
2025-06-01,WH-005,SKU-0017,25,8004.941944259125
2025-06-01,WH-005,SKU-0018,26,10462.818039562912
2025-06-01,WH-005,SKU-0019,84,10172.581341794352
2025-06-01,WH-005,SKU-0020,54,20529.963333447035
2025-06-01,WH-005,SKU-0021,38,4075.9984837590027
2025-06-01,WH-005,SKU-0022,26,233.199513529731
2025-06-01,WH-005,SKU-0023,114,15826.947337581032
2025-06-01,WH-005,SKU-0024,87,17638.432117884695
2025-06-01,WH-005,SKU-0025,25,8140.91138982997
2025-06-01,WH-005,SKU-0026,112,2551.2914802177315
2025-06-01,WH-005,SKU-0027,71,1416.7051235871895
2025-06-01,WH-005,SKU-0028,57,15495.8286986953
2025-06-01,WH-005,SKU-0029,52,18132.920803124634
2025-06-01,WH-005,SKU-0030,18,6895.182361779849
2025-06-01,WH-005,SKU-0031,97,26708.458605653697
2025-06-01,WH-005,SKU-0032,17,6066.216205991169
2025-06-01,WH-005,SKU-0033,95,24996.85646815832
2025-06-01,WH-005,SKU-0034,85,17893.633853936728
2025-06-01,WH-005,SKU-0035,36,13502.909307749898
2025-06-01,WH-005,SKU-0036,24,3155.3579869162545
2025-06-01,WH-005,SKU-0037,48,6370.977973313366
2025-06-01,WH-005,SKU-0038,13,5683.733666221832
2025-06-01,WH-005,SKU-0039,56,20778.69758386833
2025-06-01,WH-005,SKU-0040,15,7014.300763533219
2025-06-01,WH-005,SKU-0041,84,35727.01582688751
2025-06-01,WH-005,SKU-0042,30,13067.730569385325
2025-06-01,WH-005,SKU-0043,192,64164.20092987081
2025-06-01,WH-005,SKU-0044,33,5150.573965963315
2025-06-01,WH-005,SKU-0045,25,9881.635075485265
2025-06-01,WH-005,SKU-0046,97,30728.716954608444
2025-06-01,WH-005,SKU-0047,88,16755.62876167343
2025-06-01,WH-005,SKU-0048,79,14518.693478709705
2025-06-01,WH-005,SKU-0049,26,2677.1715628423535
2025-06-01,WH-005,SKU-0050,17,417.35124187246083
2025-06-02,WH-001,SKU-0001,112,38743.217621865224
2025-06-02,WH-001,SKU-0002,101,31458.048821042586
2025-06-02,WH-001,SKU-0003,247,81128.90935306407
2025-06-02,WH-001,SKU-0004,27,14180.997089376868
2025-06-02,WH-001,SKU-0005,60,27382.951476784052
2025-06-02,WH-001,SKU-0006,62,8669.390359420258
2025-06-02,WH-001,SKU-0007,43,8137.55295833193
2025-06-02,WH-001,SKU-0008,17,5965.149640769176
2025-06-02,WH-001,SKU-0009,42,17852.748828573564
2025-06-02,WH-001,SKU-0010,28,9048.69937591152
2025-06-02,WH-001,SKU-0011,60,21054.191933762853
2025-06-02,WH-001,SKU-0012,56,22841.284453683085
2025-06-02,WH-001,SKU-0013,69,26546.91967976873
2025-06-02,WH-001,SKU-0014,39,2321.1029249498865
2025-06-02,WH-001,SKU-0015,52,8225.402984702503
2025-06-02,WH-001,SKU-0016,88,17512.692093637346
2025-06-02,WH-001,SKU-0017,20,5649.5899233605505
2025-06-02,WH-001,SKU-0018,33,13933.95744701115
2025-06-02,WH-001,SKU-0019,44,5431.511990088973
2025-06-02,WH-001,SKU-0020,69,27684.747827642826
2025-06-02,WH-001,SKU-0021,44,4828.530294115116
2025-06-02,WH-001,SKU-0022,50,425.2237084110161
2025-06-02,WH-001,SKU-0023,129,18491.028665217298
2025-06-02,WH-001,SKU-0024,78,17291.226920114383
2025-06-02,WH-001,SKU-0025,26,9166.595588650192
2025-06-02,WH-001,SKU-0026,60,1294.0167891763247
2025-06-02,WH-001,SKU-0027,65,1412.246874310059
2025-06-02,WH-001,SKU-0028,53,15057.809544601918
2025-06-02,WH-001,SKU-0029,34,12177.957506610483
2025-06-02,WH-001,SKU-0030,52,20464.430707513697
2025-06-02,WH-001,SKU-0031,86,22799.28633261155
2025-06-02,WH-001,SKU-0032,16,5106.775717143612
2025-06-02,WH-001,SKU-0033,105,25352.607346169087
2025-06-02,WH-001,SKU-0034,86,17420.88898657823
2025-06-02,WH-001,SKU-0035,71,28389.44252651815
2025-06-02,WH-001,SKU-0036,28,3676.5537533429706
2025-06-02,WH-001,SKU-0037,34,4365.388045374827
2025-06-02,WH-001,SKU-0038,9,4349.282871801827
2025-06-02,WH-001,SKU-0039,79,26918.49015725326
2025-06-02,WH-001,SKU-0040,10,4239.99330338012
2025-06-02,WH-001,SKU-0041,80,35720.41609843217
2025-06-02,WH-001,SKU-0042,52,26286.49309032503
2025-06-02,WH-001,SKU-0043,197,73210.80937554069
2025-06-02,WH-001,SKU-0044,51,8305.216620516772
2025-06-02,WH-001,SKU-0045,27,9828.289640239665
2025-06-02,WH-001,SKU-0046,100,32129.789714062877
2025-06-02,WH-001,SKU-0047,67,14338.171723139365
2025-06-02,WH-001,SKU-0048,125,22070.135882845974
2025-06-02,WH-001,SKU-0049,49,5120.325934113864
2025-06-02,WH-001,SKU-0050,13,339.93168671312344
2025-06-02,WH-002,SKU-0001,119,43252.74396954964
2025-06-02,WH-002,SKU-0002,56,14463.032933926826
2025-06-02,WH-002,SKU-0003,264,71832.40846537733
2025-06-02,WH-002,SKU-0004,27,12402.174717008516
2025-06-02,WH-002,SKU-0005,55,23633.12263083171
2025-06-02,WH-002,SKU-0006,65,8348.8135451554
2025-06-02,WH-002,SKU-0007,65,13813.080716038598
2025-06-02,WH-002,SKU-0008,14,5074.363046887979
2025-06-02,WH-002,SKU-0009,51,22577.80157687173
2025-06-02,WH-002,SKU-0010,28,8842.457805083362
2025-06-02,WH-002,SKU-0011,22,7716.9385168795425
2025-06-02,WH-002,SKU-0012,27,11265.735628421875
2025-06-02,WH-002,SKU-0013,85,30000.195354861346
2025-06-02,WH-002,SKU-0014,38,2292.774746711817
2025-06-02,WH-002,SKU-0015,82,12995.141358822611
2025-06-02,WH-002,SKU-0016,77,14538.2199714118
2025-06-02,WH-002,SKU-0017,44,13812.472741882128
2025-06-02,WH-002,SKU-0018,24,9238.768585731515
2025-06-02,WH-002,SKU-0019,60,6190.464387320411
2025-06-02,WH-002,SKU-0020,27,10147.792682604326
2025-06-02,WH-002,SKU-0021,45,4781.830424103938
2025-06-02,WH-002,SKU-0022,71,560.5191760469305
2025-06-02,WH-002,SKU-0023,74,9861.084998536913
2025-06-02,WH-002,SKU-0024,95,18386.8183880631
2025-06-02,WH-002,SKU-0025,22,7329.357201023221
2025-06-02,WH-002,SKU-0026,38,887.1910129245307
2025-06-02,WH-002,SKU-0027,69,1465.3503303327195
2025-06-02,WH-002,SKU-0028,39,11338.550199245929
2025-06-02,WH-002,SKU-0029,36,11580.3011979488
2025-06-02,WH-002,SKU-0030,44,18576.923407808015
2025-06-02,WH-002,SKU-0031,71,20358.796494539703
2025-06-02,WH-002,SKU-0032,17,6135.254838500233
2025-06-02,WH-002,SKU-0033,92,23901.67611030882
2025-06-02,WH-002,SKU-0034,66,13958.642225768343
2025-06-02,WH-002,SKU-0035,43,14975.897106725597
2025-06-02,WH-002,SKU-0036,16,2278.1779929788645
2025-06-02,WH-002,SKU-0037,32,4167.910816024993
2025-06-02,WH-002,SKU-0038,23,9694.71107636907
2025-06-02,WH-002,SKU-0039,65,22337.185097559035
2025-06-02,WH-002,SKU-0040,22,9564.840367789408
2025-06-02,WH-002,SKU-0041,127,56343.95583792432
2025-06-02,WH-002,SKU-0042,63,29731.12615472005
2025-06-02,WH-002,SKU-0043,106,34060.694343902214
2025-06-02,WH-002,SKU-0044,33,5600.65311768557
2025-06-02,WH-002,SKU-0045,18,7110.00361854808
2025-06-02,WH-002,SKU-0046,85,25732.65717105312
2025-06-02,WH-002,SKU-0047,59,10644.061591534715
2025-06-02,WH-002,SKU-0048,74,13254.47889127322
2025-06-02,WH-002,SKU-0049,33,3286.2417643464287
2025-06-02,WH-002,SKU-0050,15,379.19657248210905
2025-06-02,WH-003,SKU-0001,118,42806.02533976572
2025-06-02,WH-003,SKU-0002,38,11898.102375482016
2025-06-02,WH-003,SKU-0003,269,75179.26186882828
2025-06-02,WH-003,SKU-0004,36,16646.43509522126
2025-06-02,WH-003,SKU-0005,73,30286.086340858885
2025-06-02,WH-003,SKU-0006,116,15073.470186330042
2025-06-02,WH-003,SKU-0007,96,17861.66099477974
2025-06-02,WH-003,SKU-0008,21,7359.296847569444
2025-06-02,WH-003,SKU-0009,27,11580.253315629894
2025-06-02,WH-003,SKU-0010,25,8251.574234028642
2025-06-02,WH-003,SKU-0011,57,19871.464333273732
2025-06-02,WH-003,SKU-0012,36,15717.811486259769
2025-06-02,WH-003,SKU-0013,113,43765.54998926448
2025-06-02,WH-003,SKU-0014,38,2346.2354641662805
2025-06-02,WH-003,SKU-0015,95,15492.719669469163
2025-06-02,WH-003,SKU-0016,138,26332.75712283067
2025-06-02,WH-003,SKU-0017,22,6487.677583107052
2025-06-02,WH-003,SKU-0018,17,6669.194136929591
2025-06-02,WH-003,SKU-0019,110,13548.034176216612
2025-06-02,WH-003,SKU-0020,28,11338.07405730022
2025-06-02,WH-003,SKU-0021,49,5858.438328475482
2025-06-02,WH-003,SKU-0022,44,352.2468963692637
2025-06-02,WH-003,SKU-0023,134,18314.039073007436
2025-06-02,WH-003,SKU-0024,70,15548.055369794665
2025-06-02,WH-003,SKU-0025,21,7316.408805574621
2025-06-02,WH-003,SKU-0026,60,1315.7931790658304
2025-06-02,WH-003,SKU-0027,63,1347.2325728741766
2025-06-02,WH-003,SKU-0028,33,9475.92235612023
2025-06-02,WH-003,SKU-0029,39,13563.272244617134
2025-06-02,WH-003,SKU-0030,52,22679.026692628777
2025-06-02,WH-003,SKU-0031,74,21693.642686001585
2025-06-02,WH-003,SKU-0032,12,3853.3876109148464
2025-06-02,WH-003,SKU-0033,38,9989.691426033589
2025-06-02,WH-003,SKU-0034,40,7125.329851358026
2025-06-02,WH-003,SKU-0035,102,39323.48766080267
2025-06-02,WH-003,SKU-0036,16,2042.6407041964442
2025-06-02,WH-003,SKU-0037,47,6908.890570309199
2025-06-02,WH-003,SKU-0038,13,5284.638422957572
2025-06-02,WH-003,SKU-0039,78,25099.71022712005
2025-06-02,WH-003,SKU-0040,13,5621.896659227875
2025-06-02,WH-003,SKU-0041,89,40885.218908358955
2025-06-02,WH-003,SKU-0042,52,25134.11999564121
2025-06-02,WH-003,SKU-0043,280,101816.89434121878
2025-06-02,WH-003,SKU-0044,82,14632.411515889014
2025-06-02,WH-003,SKU-0045,55,19678.81896952336
2025-06-02,WH-003,SKU-0046,42,13512.118323373004
2025-06-02,WH-003,SKU-0047,96,17847.545710874096
2025-06-02,WH-003,SKU-0048,76,13803.633331154108
2025-06-02,WH-003,SKU-0049,28,2658.9812840298932
2025-06-02,WH-003,SKU-0050,17,461.8179686953647
2025-06-02,WH-004,SKU-0001,102,33208.630891084314
2025-06-02,WH-004,SKU-0002,74,21005.540045481743
2025-06-02,WH-004,SKU-0003,366,105821.5530161523
2025-06-02,WH-004,SKU-0004,41,20821.8622449613
2025-06-02,WH-004,SKU-0005,40,14965.788312181394
2025-06-02,WH-004,SKU-0006,72,9868.694839903703
2025-06-02,WH-004,SKU-0007,150,30726.652775922958
2025-06-02,WH-004,SKU-0008,13,4396.414783198075
2025-06-02,WH-004,SKU-0009,13,6094.213263830854
2025-06-02,WH-004,SKU-0010,41,13091.144393448047
2025-06-02,WH-004,SKU-0011,47,14583.897760650392
2025-06-02,WH-004,SKU-0012,88,37327.909984015234
2025-06-02,WH-004,SKU-0013,124,43381.22025681527
2025-06-02,WH-004,SKU-0014,38,2341.2965894458976
2025-06-02,WH-004,SKU-0015,125,20627.64086521946
2025-06-02,WH-004,SKU-0016,73,13709.379580690944
2025-06-02,WH-004,SKU-0017,15,4809.1345561706285
2025-06-02,WH-004,SKU-0018,47,18092.431805583645
2025-06-02,WH-004,SKU-0019,56,6076.777031161415
2025-06-02,WH-004,SKU-0020,30,11327.973150979757
2025-06-02,WH-004,SKU-0021,80,9671.379667204495
2025-06-02,WH-004,SKU-0022,36,291.80192962442743
2025-06-02,WH-004,SKU-0023,119,15762.218186615251
2025-06-02,WH-004,SKU-0024,178,33436.78989717673
2025-06-02,WH-004,SKU-0025,18,6275.179145505995
2025-06-02,WH-004,SKU-0026,85,1983.9928097071477
2025-06-02,WH-004,SKU-0027,68,1596.8621848645123
2025-06-02,WH-004,SKU-0028,19,4933.985906763562
2025-06-02,WH-004,SKU-0029,40,13384.739031621473
2025-06-02,WH-004,SKU-0030,55,20402.245035763113
2025-06-02,WH-004,SKU-0031,84,21087.28639888767
2025-06-02,WH-004,SKU-0032,21,8036.652855137864
2025-06-02,WH-004,SKU-0033,45,11392.785611417867
2025-06-02,WH-004,SKU-0034,40,8569.432484835796
2025-06-02,WH-004,SKU-0035,107,35850.15314846443
2025-06-02,WH-004,SKU-0036,16,2154.974466657815
2025-06-02,WH-004,SKU-0037,32,4654.16781592959
2025-06-02,WH-004,SKU-0038,15,7132.279684854672
2025-06-02,WH-004,SKU-0039,87,29086.908088964414
2025-06-02,WH-004,SKU-0040,6,2416.274363714833
2025-06-02,WH-004,SKU-0041,69,30228.19831823191
2025-06-02,WH-004,SKU-0042,84,41756.43817263246
2025-06-02,WH-004,SKU-0043,202,67917.93910377428
2025-06-02,WH-004,SKU-0044,51,8183.088339447879
2025-06-02,WH-004,SKU-0045,16,5672.936189446762
2025-06-02,WH-004,SKU-0046,159,48088.26181268917
2025-06-02,WH-004,SKU-0047,47,9357.67406234038
2025-06-02,WH-004,SKU-0048,165,29495.434083284603
2025-06-02,WH-004,SKU-0049,24,2652.485895271177
2025-06-02,WH-004,SKU-0050,17,458.83166637922875
2025-06-02,WH-005,SKU-0001,97,29941.104372348913
2025-06-02,WH-005,SKU-0002,94,24974.698504403856
2025-06-02,WH-005,SKU-0003,212,69460.43260814695
2025-06-02,WH-005,SKU-0004,48,23262.20161350037
2025-06-02,WH-005,SKU-0005,31,13136.644317691742
2025-06-02,WH-005,SKU-0006,62,9549.165787811382
2025-06-02,WH-005,SKU-0007,204,40019.57710680212
2025-06-02,WH-005,SKU-0008,19,6629.4225147219095
2025-06-02,WH-005,SKU-0009,71,31228.916639964173
2025-06-02,WH-005,SKU-0010,38,11963.83813413666
2025-06-02,WH-005,SKU-0011,66,22895.157195386753
2025-06-02,WH-005,SKU-0012,39,17257.765069740046
2025-06-02,WH-005,SKU-0013,73,28886.284766238474
2025-06-02,WH-005,SKU-0014,75,4701.96744276446
2025-06-02,WH-005,SKU-0015,46,7253.716725928165
2025-06-02,WH-005,SKU-0016,66,13856.641042926276
2025-06-02,WH-005,SKU-0017,12,3377.873368270769
2025-06-02,WH-005,SKU-0018,25,11001.639647796983
2025-06-02,WH-005,SKU-0019,107,13094.815774208644
2025-06-02,WH-005,SKU-0020,61,26014.582418388836
2025-06-02,WH-005,SKU-0021,61,7696.303306607458
2025-06-02,WH-005,SKU-0022,30,241.63892240860483
2025-06-02,WH-005,SKU-0023,99,12415.145000380011
2025-06-02,WH-005,SKU-0024,52,10172.967251176078
2025-06-02,WH-005,SKU-0025,21,7435.791678802533
2025-06-02,WH-005,SKU-0026,46,1054.7920534515406
2025-06-02,WH-005,SKU-0027,47,1044.5033970635066
2025-06-02,WH-005,SKU-0028,37,10361.853670003478
2025-06-02,WH-005,SKU-0029,45,15922.552631005019
2025-06-02,WH-005,SKU-0030,44,18344.883704842803
2025-06-02,WH-005,SKU-0031,97,26730.722728277276
2025-06-02,WH-005,SKU-0032,19,7213.863001102132
2025-06-02,WH-005,SKU-0033,65,17782.493188485234
2025-06-02,WH-005,SKU-0034,52,11049.951419292798
2025-06-02,WH-005,SKU-0035,59,21927.488764930826
2025-06-02,WH-005,SKU-0036,20,2837.5469571656777
2025-06-02,WH-005,SKU-0037,53,7675.704194846953
2025-06-02,WH-005,SKU-0038,39,17235.19973002231
2025-06-02,WH-005,SKU-0039,87,30448.695998686784
2025-06-02,WH-005,SKU-0040,15,7237.274170640327
2025-06-02,WH-005,SKU-0041,124,50406.54009782698
2025-06-02,WH-005,SKU-0042,37,17390.38510760726
2025-06-02,WH-005,SKU-0043,140,50580.995427029084
2025-06-02,WH-005,SKU-0044,62,10281.116965460751
2025-06-02,WH-005,SKU-0045,24,8162.604833670343
2025-06-02,WH-005,SKU-0046,112,32557.891399291475
2025-06-02,WH-005,SKU-0047,51,10730.062833223434
2025-06-02,WH-005,SKU-0048,96,16233.225042276505
2025-06-02,WH-005,SKU-0049,32,3222.5643703037113
2025-06-02,WH-005,SKU-0050,12,330.9621206679805
2025-06-03,WH-001,SKU-0001,125,39924.1973042452
2025-06-03,WH-001,SKU-0002,79,20995.277286091903
2025-06-03,WH-001,SKU-0003,172,53460.04335185849
2025-06-03,WH-001,SKU-0004,27,13550.855533811518
2025-06-03,WH-001,SKU-0005,40,15026.883431468856
2025-06-03,WH-001,SKU-0006,37,5153.958330570912
2025-06-03,WH-001,SKU-0007,80,17148.10985543002
2025-06-03,WH-001,SKU-0008,21,7618.15414522125
2025-06-03,WH-001,SKU-0009,30,13939.006457002126
2025-06-03,WH-001,SKU-0010,41,12953.371325342223
2025-06-03,WH-001,SKU-0011,69,24931.79396988098
2025-06-03,WH-001,SKU-0012,60,29013.709640015462
2025-06-03,WH-001,SKU-0013,116,44934.103438283
2025-06-03,WH-001,SKU-0014,39,2451.6165901073496
2025-06-03,WH-001,SKU-0015,80,11986.964044437154
2025-06-03,WH-001,SKU-0016,70,13884.599455341706
2025-06-03,WH-001,SKU-0017,25,7619.252587157275
2025-06-03,WH-001,SKU-0018,18,7735.089887399762
2025-06-03,WH-001,SKU-0019,115,12254.275757226225
2025-06-03,WH-001,SKU-0020,33,13664.959100271637
2025-06-03,WH-001,SKU-0021,38,4705.871964451828
2025-06-03,WH-001,SKU-0022,29,236.8522236167281
2025-06-03,WH-001,SKU-0023,156,21330.19709386788
2025-06-03,WH-001,SKU-0024,120,24029.69307623698
2025-06-03,WH-001,SKU-0025,33,11102.030283005177
2025-06-03,WH-001,SKU-0026,48,1155.2860739316643
2025-06-03,WH-001,SKU-0027,92,1791.5296598944253
2025-06-03,WH-001,SKU-0028,46,12941.268833520315
2025-06-03,WH-001,SKU-0029,60,18691.613519349346
2025-06-03,WH-001,SKU-0030,41,17747.265913060608
2025-06-03,WH-001,SKU-0031,83,24016.70783232532
2025-06-03,WH-001,SKU-0032,58,20348.187970304105
2025-06-03,WH-001,SKU-0033,48,11873.450251374556
2025-06-03,WH-001,SKU-0034,93,18382.834117318373
2025-06-03,WH-001,SKU-0035,34,13248.104346425347
2025-06-03,WH-001,SKU-0036,18,2173.3473331711666
2025-06-03,WH-001,SKU-0037,55,7931.218244055674
2025-06-03,WH-001,SKU-0038,10,4067.0634412842287
2025-06-03,WH-001,SKU-0039,100,35412.99159395695
2025-06-03,WH-001,SKU-0040,9,4330.005135990529
2025-06-03,WH-001,SKU-0041,74,36273.695314990655
2025-06-03,WH-001,SKU-0042,35,15591.62375259436
2025-06-03,WH-001,SKU-0043,115,36038.96897380881
2025-06-03,WH-001,SKU-0044,59,9775.438584594518
2025-06-03,WH-001,SKU-0045,26,8782.143676775873
2025-06-03,WH-001,SKU-0046,53,16051.10106462304
2025-06-03,WH-001,SKU-0047,54,10038.981419735914
2025-06-03,WH-001,SKU-0048,94,17610.30417304531
2025-06-03,WH-001,SKU-0049,26,2694.672119704527
2025-06-03,WH-001,SKU-0050,10,267.30739995856106
2025-06-03,WH-002,SKU-0001,141,47725.027893421255
2025-06-03,WH-002,SKU-0002,72,22442.404538199607
2025-06-03,WH-002,SKU-0003,211,62644.061051696444
2025-06-03,WH-002,SKU-0004,59,30197.83943105141
2025-06-03,WH-002,SKU-0005,63,25099.69411498025
2025-06-03,WH-002,SKU-0006,41,6068.351447021885
2025-06-03,WH-002,SKU-0007,62,11776.435890980574
2025-06-03,WH-002,SKU-0008,20,7063.684867696535
2025-06-03,WH-002,SKU-0009,26,11927.464492387522
2025-06-03,WH-002,SKU-0010,41,11945.672273625694
2025-06-03,WH-002,SKU-0011,49,16073.160948725155
2025-06-03,WH-002,SKU-0012,55,25226.486553852843
2025-06-03,WH-002,SKU-0013,151,57278.63548029749
2025-06-03,WH-002,SKU-0014,32,2036.5539827636342
2025-06-03,WH-002,SKU-0015,78,12439.681942941183
2025-06-03,WH-002,SKU-0016,126,28239.696016629863
2025-06-03,WH-002,SKU-0017,13,3614.7971506977015
2025-06-03,WH-002,SKU-0018,32,13256.605339220832
2025-06-03,WH-002,SKU-0019,56,6143.185395974245
2025-06-03,WH-002,SKU-0020,18,7498.55218321823
2025-06-03,WH-002,SKU-0021,41,5271.545271930087
2025-06-03,WH-002,SKU-0022,12,101.63325877965194
2025-06-03,WH-002,SKU-0023,155,20922.251447870807
2025-06-03,WH-002,SKU-0024,134,25196.909665086903
2025-06-03,WH-002,SKU-0025,12,4233.41846365829
2025-06-03,WH-002,SKU-0026,91,1937.032855756746
2025-06-03,WH-002,SKU-0027,67,1422.3790344378767
2025-06-03,WH-002,SKU-0028,62,16702.134820214134
2025-06-03,WH-002,SKU-0029,30,11020.953618895632
2025-06-03,WH-002,SKU-0030,26,9576.232032840971
2025-06-03,WH-002,SKU-0031,92,27289.788891146003
2025-06-03,WH-002,SKU-0032,53,16957.607269081138
2025-06-03,WH-002,SKU-0033,65,16527.336143642802
2025-06-03,WH-002,SKU-0034,75,15128.098334192351
2025-06-03,WH-002,SKU-0035,18,6438.854427306728
2025-06-03,WH-002,SKU-0036,19,2437.314544432035
2025-06-03,WH-002,SKU-0037,53,6561.508567887578
2025-06-03,WH-002,SKU-0038,16,7547.879504960724
2025-06-03,WH-002,SKU-0039,148,47956.39077118252
2025-06-03,WH-002,SKU-0040,21,9701.275087003996
2025-06-03,WH-002,SKU-0041,94,43892.28394671023
2025-06-03,WH-002,SKU-0042,54,24785.9097390267
2025-06-03,WH-002,SKU-0043,295,102430.59584768875
2025-06-03,WH-002,SKU-0044,28,4559.0444724445015
2025-06-03,WH-002,SKU-0045,22,8308.036663461553
2025-06-03,WH-002,SKU-0046,88,25629.179773544933
2025-06-03,WH-002,SKU-0047,67,12421.371436309277
2025-06-03,WH-002,SKU-0048,54,10482.119850187999
2025-06-03,WH-002,SKU-0049,27,2665.17568425062
2025-06-03,WH-002,SKU-0050,19,506.125168841844
2025-06-03,WH-003,SKU-0001,116,36790.760224062935
2025-06-03,WH-003,SKU-0002,59,16867.116616113362
2025-06-03,WH-003,SKU-0003,154,41890.84873531532
2025-06-03,WH-003,SKU-0004,35,15719.883173121894
2025-06-03,WH-003,SKU-0005,67,29566.229768526107
2025-06-03,WH-003,SKU-0006,53,7063.546773447314
2025-06-03,WH-003,SKU-0007,110,23830.431646293895
2025-06-03,WH-003,SKU-0008,21,8172.256142643988
2025-06-03,WH-003,SKU-0009,50,24206.40110270339
2025-06-03,WH-003,SKU-0010,31,9607.066960179474
2025-06-03,WH-003,SKU-0011,51,16750.627560132496
2025-06-03,WH-003,SKU-0012,40,18105.64574778301
2025-06-03,WH-003,SKU-0013,98,32701.6567833729
2025-06-03,WH-003,SKU-0014,43,2465.1809647173554
2025-06-03,WH-003,SKU-0015,66,10565.22713125322
2025-06-03,WH-003,SKU-0016,81,16257.974002239513
2025-06-03,WH-003,SKU-0017,17,5413.8777046405185
2025-06-03,WH-003,SKU-0018,22,9070.523566877368
2025-06-03,WH-003,SKU-0019,48,5157.872278558365
2025-06-03,WH-003,SKU-0020,28,11375.195859206202
2025-06-03,WH-003,SKU-0021,51,6179.495370634254
2025-06-03,WH-003,SKU-0022,42,358.8063327308804
2025-06-03,WH-003,SKU-0023,74,9840.179058604248
2025-06-03,WH-003,SKU-0024,70,13044.939704105052
2025-06-03,WH-003,SKU-0025,32,11089.467111956252
2025-06-03,WH-003,SKU-0026,57,1296.0553960621703
2025-06-03,WH-003,SKU-0027,54,1256.8071516833165
2025-06-03,WH-003,SKU-0028,21,5632.381966452173
2025-06-03,WH-003,SKU-0029,39,12678.063959703204
2025-06-03,WH-003,SKU-0030,20,8137.941469791774
2025-06-03,WH-003,SKU-0031,44,11611.20717215374
2025-06-03,WH-003,SKU-0032,47,17957.701387023746
2025-06-03,WH-003,SKU-0033,37,9424.16908866439
2025-06-03,WH-003,SKU-0034,46,8549.723557610863
2025-06-03,WH-003,SKU-0035,33,12858.32576679585
2025-06-03,WH-003,SKU-0036,26,3598.4847177517663
2025-06-03,WH-003,SKU-0037,33,3985.4099107793486
2025-06-03,WH-003,SKU-0038,22,9622.910438761104
2025-06-03,WH-003,SKU-0039,66,22086.156571588755
2025-06-03,WH-003,SKU-0040,13,5755.514518379352
2025-06-03,WH-003,SKU-0041,46,19323.313942134013
2025-06-03,WH-003,SKU-0042,53,26276.032408639796
2025-06-03,WH-003,SKU-0043,339,109276.35550462644
2025-06-03,WH-003,SKU-0044,42,7422.903125640047
2025-06-03,WH-003,SKU-0045,17,5706.791458845015
2025-06-03,WH-003,SKU-0046,88,27987.749823670354
2025-06-03,WH-003,SKU-0047,106,21944.38594632767
2025-06-03,WH-003,SKU-0048,86,14755.641252601925
2025-06-03,WH-003,SKU-0049,25,2689.766172592712
2025-06-03,WH-003,SKU-0050,18,434.10749196287907
2025-06-03,WH-004,SKU-0001,86,28586.940270416097
2025-06-03,WH-004,SKU-0002,97,26198.656223947182
2025-06-03,WH-004,SKU-0003,211,59659.52952516585
2025-06-03,WH-004,SKU-0004,32,16693.501179796534
2025-06-03,WH-004,SKU-0005,76,34624.631976067074
2025-06-03,WH-004,SKU-0006,36,5369.561680911403
2025-06-03,WH-004,SKU-0007,67,14220.562007805234
2025-06-03,WH-004,SKU-0008,15,5363.365990801149
2025-06-03,WH-004,SKU-0009,22,10596.42261908369
2025-06-03,WH-004,SKU-0010,49,15493.248991337827
2025-06-03,WH-004,SKU-0011,41,13785.007655650596
2025-06-03,WH-004,SKU-0012,44,18577.478108443538
2025-06-03,WH-004,SKU-0013,103,37417.084289170285
2025-06-03,WH-004,SKU-0014,46,2989.5718094921936
2025-06-03,WH-004,SKU-0015,70,11882.990414394175
2025-06-03,WH-004,SKU-0016,136,26217.030919628083
2025-06-03,WH-004,SKU-0017,24,7580.049807256989
2025-06-03,WH-004,SKU-0018,54,23998.596258197293
2025-06-03,WH-004,SKU-0019,57,6128.272295416366
2025-06-03,WH-004,SKU-0020,48,21200.618867029334
2025-06-03,WH-004,SKU-0021,60,6877.958709608869
2025-06-03,WH-004,SKU-0022,56,485.6060900822027
2025-06-03,WH-004,SKU-0023,132,18241.4389812886
2025-06-03,WH-004,SKU-0024,130,26507.4242056403
2025-06-03,WH-004,SKU-0025,39,13389.8985324429
2025-06-03,WH-004,SKU-0026,88,1908.6641906236534
2025-06-03,WH-004,SKU-0027,84,1923.0717026616537
2025-06-03,WH-004,SKU-0028,33,8473.76857205252
2025-06-03,WH-004,SKU-0029,37,13364.755124937989
2025-06-03,WH-004,SKU-0030,35,14346.092062397343
2025-06-03,WH-004,SKU-0031,191,47024.13582552918
2025-06-03,WH-004,SKU-0032,49,18365.09099707458
2025-06-03,WH-004,SKU-0033,48,11990.628098983269
2025-06-03,WH-004,SKU-0034,55,11558.054490687999
2025-06-03,WH-004,SKU-0035,39,14943.656214970679
2025-06-03,WH-004,SKU-0036,14,1830.7213820414331
2025-06-03,WH-004,SKU-0037,38,4855.007666049577
2025-06-03,WH-004,SKU-0038,11,5056.0387787436775
2025-06-03,WH-004,SKU-0039,135,46744.10227652337
2025-06-03,WH-004,SKU-0040,11,4757.349120087691
2025-06-03,WH-004,SKU-0041,110,46349.78099959927
2025-06-03,WH-004,SKU-0042,49,24048.438074941972
2025-06-03,WH-004,SKU-0043,203,73612.25857994879
2025-06-03,WH-004,SKU-0044,56,9915.600736372025
2025-06-03,WH-004,SKU-0045,18,7057.261376365864
2025-06-03,WH-004,SKU-0046,80,27364.832869918853
2025-06-03,WH-004,SKU-0047,71,13100.607110196901
2025-06-03,WH-004,SKU-0048,143,23096.406350792862
2025-06-03,WH-004,SKU-0049,22,2283.1297853405304
2025-06-03,WH-004,SKU-0050,13,347.7958765179132
2025-06-03,WH-005,SKU-0001,126,44764.190191460904
2025-06-03,WH-005,SKU-0002,66,20097.06361941089
2025-06-03,WH-005,SKU-0003,173,50020.06984606186
2025-06-03,WH-005,SKU-0004,30,14344.922044091298
2025-06-03,WH-005,SKU-0005,81,36583.44051061753
2025-06-03,WH-005,SKU-0006,55,7029.143894468352
2025-06-03,WH-005,SKU-0007,58,11233.791583976526
2025-06-03,WH-005,SKU-0008,22,7825.534826587296
2025-06-03,WH-005,SKU-0009,48,21746.66426937784
2025-06-03,WH-005,SKU-0010,10,2926.0117188227773
2025-06-03,WH-005,SKU-0011,80,27783.601043030463
2025-06-03,WH-005,SKU-0012,37,16723.828562652227
2025-06-03,WH-005,SKU-0013,108,39059.42410153399
2025-06-03,WH-005,SKU-0014,104,6497.122095781958
2025-06-03,WH-005,SKU-0015,77,11294.803800191527
2025-06-03,WH-005,SKU-0016,93,21126.17377256848
2025-06-03,WH-005,SKU-0017,15,4508.323256138556
2025-06-03,WH-005,SKU-0018,27,11921.064487510406
2025-06-03,WH-005,SKU-0019,46,5008.223897591851
2025-06-03,WH-005,SKU-0020,72,31295.651169759523
2025-06-03,WH-005,SKU-0021,25,2670.8157344144374
2025-06-03,WH-005,SKU-0022,50,417.8769265204394
2025-06-03,WH-005,SKU-0023,120,15356.579611526355
2025-06-03,WH-005,SKU-0024,52,11501.813942117027
2025-06-03,WH-005,SKU-0025,20,6816.6759302151695
2025-06-03,WH-005,SKU-0026,79,1718.4529658938093
2025-06-03,WH-005,SKU-0027,57,1103.592638480922
2025-06-03,WH-005,SKU-0028,80,22551.745943349782
2025-06-03,WH-005,SKU-0029,58,21262.915691133643
2025-06-03,WH-005,SKU-0030,34,13695.627455935859
2025-06-03,WH-005,SKU-0031,66,16681.85252276337
2025-06-03,WH-005,SKU-0032,35,13231.11128973006
2025-06-03,WH-005,SKU-0033,71,16536.85681238358
2025-06-03,WH-005,SKU-0034,97,20493.949517595775
2025-06-03,WH-005,SKU-0035,29,11541.358927566336
2025-06-03,WH-005,SKU-0036,20,2686.904662027995
2025-06-03,WH-005,SKU-0037,41,5788.9526598881575
2025-06-03,WH-005,SKU-0038,14,5971.8556448435165
2025-06-03,WH-005,SKU-0039,109,38523.96540257084
2025-06-03,WH-005,SKU-0040,13,5717.276821690626
2025-06-03,WH-005,SKU-0041,77,32958.23225608917
2025-06-03,WH-005,SKU-0042,63,30126.126871149147
2025-06-03,WH-005,SKU-0043,162,58333.241203951206
2025-06-03,WH-005,SKU-0044,38,6315.282915197027
2025-06-03,WH-005,SKU-0045,26,10317.253977479713
2025-06-03,WH-005,SKU-0046,121,36415.627852939586
2025-06-03,WH-005,SKU-0047,80,16249.067777423998
2025-06-03,WH-005,SKU-0048,83,15259.065158353285
2025-06-03,WH-005,SKU-0049,29,3075.1568031981556
2025-06-03,WH-005,SKU-0050,14,391.32588982087657
